{"cameraMode":{"drawMode":0,"name":"Shaded","section":"Shading Mode"},"sceneLighting":false,"audioPlay":false,"sceneViewState":{"showFog":true,"showMaterialUpdate":false,"showSkybox":false,"showFlares":true,"showImageEffects":true,"showParticleSystems":true,"showVisualEffectGraphs":true,"m_FxEnabled":true},"in2DMode":false,"pivot":{"x":-0.5865800380706787,"y":4.408061981201172,"z":-2.0883803367614748},"rotation":{"x":-0.047722913324832919,"y":0.6987194418907166,"z":0.04681536927819252,"w":0.7122626304626465},"size":4.5480194091796879,"orthographic":false}